Bairro,tipo_negocio,tipo_imovel,ofertas_disponiveis,menor_preco_imovel,area_menor_preco,valor_m2_medio,preco_medio_bairro,preco_maximo_bairro,area_media_bairro
Buritis,Venda,"Apartamento / Prédio",430,200000.00,45.00,5897.95,798593.89,8500000.00,142.49
Lourdes,Venda,"Apartamento / Prédio",306,190000.00,28.00,11082.72,1982291.91,8000000.00,183.61
Sion,Venda,"Apartamento / Prédio",181,335000.00,75.00,7773.91,1155271.01,3567084.00,153.80
Funcionários,Venda,"Apartamento / Prédio",180,290000.00,55.00,9936.91,1586020.42,11000000.00,164.52
"Santo Antônio",Venda,"Apartamento / Prédio",170,253000.00,110.00,7365.44,1035593.55,4269000.00,137.84
Serra,Venda,"Apartamento / Prédio",160,170000.00,42.00,7228.19,1152169.24,4866089.00,162.75
"Santo Agostinho",Venda,"Apartamento / Prédio",136,250000.00,60.00,11430.97,1670048.46,6300000.00,155.04
Savassi,Venda,"Apartamento / Prédio",111,170000.00,19.00,11407.01,1303039.87,9295000.00,120.31
Centro,Venda,"Apartamento / Prédio",102,165000.00,40.00,4783.50,433823.52,2050000.00,101.99
Lourdes,Venda,"Casa / Outros",99,120000.00,39.00,12070.79,2059926.54,15000000.00,181.13
Belvedere,Venda,"Apartamento / Prédio",97,535000.00,74.00,10565.64,2374855.67,6700000.00,221.08
Anchieta,Venda,"Apartamento / Prédio",94,300000.00,53.00,8037.42,1254638.30,5320000.00,152.11
Gutierrez,Venda,"Apartamento / Prédio",89,276800.00,36.00,7406.35,1113146.07,3980000.00,150.00
"Santa Efigênia",Venda,"Apartamento / Prédio",89,220000.00,60.00,6957.84,641224.18,1800000.00,99.78
Funcionários,Venda,"Casa / Outros",85,150000.00,30.00,10784.19,1218676.25,8578000.00,111.02
Buritis,Venda,"Casa / Outros",80,110000.00,28.00,6506.97,947957.18,9500000.00,186.75
Castelo,Venda,"Apartamento / Prédio",79,200000.00,40.00,5306.66,689700.00,4950000.00,125.27
Cruzeiro,Venda,"Apartamento / Prédio",78,340000.00,75.00,6440.56,821253.85,3000000.00,132.74
Savassi,Venda,"Casa / Outros",76,54000.00,53.00,12753.28,1630502.70,13000000.00,147.28
"Santa Efigênia",Venda,"Casa / Outros",70,65000.00,3000.00,9526.87,1002161.49,6900000.00,255.59
Serra,Venda,"Casa / Outros",70,140000.00,25.00,9060.10,1404088.96,5224500.00,173.17
Luxemburgo,Venda,"Apartamento / Prédio",63,299000.00,35.00,7678.01,883492.48,3000000.00,119.46
"Santo Agostinho",Venda,"Casa / Outros",61,160000.00,31.00,12775.31,1388574.39,4850000.00,110.84
Centro,Venda,"Casa / Outros",60,50000.00,30.00,75091.70,3354214.05,130000000.00,283.47
Floresta,Venda,"Apartamento / Prédio",56,210000.00,65.00,5448.42,557866.07,1430000.00,106.46
"Santa Mônica",Venda,"Apartamento / Prédio",51,130000.00,55.00,4523.81,356172.55,1490000.00,90.96
"Santa Amélia",Venda,"Casa / Outros",50,180000.00,64.00,4689.53,653039.94,1500000.00,172.82
"Santa Lúcia",Venda,"Casa / Outros",48,110000.00,25.00,6247.51,1476883.71,3929161.00,591.15
"Barro Preto",Venda,"Casa / Outros",45,100000.00,32.00,9141.54,1095380.56,3200000.00,126.33
Itapoã,Venda,"Apartamento / Prédio",43,230000.00,68.00,6368.82,635810.35,1490000.00,102.51
Carmo,Venda,"Apartamento / Prédio",41,310000.00,60.00,8670.13,1251820.22,2409629.00,144.66
"São Pedro",Venda,"Apartamento / Prédio",41,270000.00,49.00,8256.29,1086926.83,3200000.00,130.20
"Santa Amélia",Venda,"Apartamento / Prédio",40,178000.00,60.00,4790.73,445610.00,950000.00,97.40
Estoril,Venda,"Apartamento / Prédio",38,199000.00,69.00,5571.16,785315.79,13000000.00,145.71
Planalto,Venda,"Apartamento / Prédio",37,170000.00,60.00,5944.76,505054.05,1700000.00,91.81
Belvedere,Venda,"Casa / Outros",35,390000.00,56.00,9101.98,3742714.29,8950000.00,418.09
"Santa Mônica",Venda,"Casa / Outros",35,105000.00,25.00,4097.42,530896.06,1690000.00,158.57
Itapoã,Venda,"Casa / Outros",34,448000.00,110.00,6612.83,855000.00,1650000.00,169.44
"Santa Branca",Venda,"Apartamento / Prédio",33,189000.00,62.00,5888.07,346303.03,750000.00,63.82
"Santa Tereza",Venda,"Apartamento / Prédio",33,260000.00,86.00,5506.11,586542.42,1090000.00,112.36
Prado,Venda,"Apartamento / Prédio",32,300000.00,102.00,5977.16,673644.78,1200000.00,117.06
"Cidade Nova",Venda,"Apartamento / Prédio",31,210000.00,42.00,5726.40,820964.52,2860000.00,133.55
Planalto,Venda,"Casa / Outros",31,243490.00,37.00,4459.85,634915.81,2081000.00,218.19
"Santa Lúcia",Venda,"Apartamento / Prédio",31,269000.00,65.00,7655.70,1799022.10,5500000.00,230.74
"Santo Antônio",Venda,"Casa / Outros",31,270000.00,28.00,10168.57,1554671.48,7000000.00,193.00
Estoril,Venda,"Casa / Outros",29,125000.00,25.00,6527.55,1178985.38,8000000.00,178.48
"Padre Eustáquio",Venda,"Apartamento / Prédio",28,190000.00,72.00,5159.98,490107.14,880000.00,97.79
Palmares,Venda,"Apartamento / Prédio",28,192000.00,44.00,4569.24,491280.36,995000.00,108.36
Floresta,Venda,"Casa / Outros",27,80000.00,1940.00,4206.42,1088481.48,3500000.00,407.48
"Nova Suíssa",Venda,"Apartamento / Prédio",27,215000.00,60.00,5592.30,509385.19,1490000.00,98.00
Bandeirantes,Venda,"Casa / Outros",26,589000.00,1000.00,5030.87,3533807.69,11900000.00,58439.35
"Cidade Nova",Venda,"Casa / Outros",25,145000.00,28.00,6752.86,990490.20,1950000.00,161.68
"São Lucas",Venda,"Apartamento / Prédio",25,200000.00,65.00,5380.93,512712.00,950000.00,109.84
Sion,Venda,"Casa / Outros",24,680000.00,65.00,11110.42,1656341.13,3750000.00,155.71
"Colégio Batista",Venda,"Apartamento / Prédio",22,240000.00,87.00,4682.89,403636.36,670000.00,88.82
Mangabeiras,Venda,"Casa / Outros",22,850000.00,580.00,5419.20,3196818.18,7900000.00,573.86
"Ouro Preto",Venda,"Apartamento / Prédio",21,173000.00,47.00,5526.99,574006.81,1299000.00,103.90
"Santa Tereza",Venda,"Casa / Outros",21,388000.00,62.00,4886.51,1081152.38,3000000.00,271.76
"São João Batista",Venda,"Apartamento / Prédio",20,149000.00,45.00,3780.31,313800.00,750000.00,85.10
Anchieta,Venda,"Casa / Outros",18,456976.00,47.00,11410.87,1412045.78,3287518.00,120.72
"Dona Clara",Venda,"Apartamento / Prédio",18,250000.00,60.00,5178.85,602361.11,1590000.00,117.22
Gutierrez,Venda,"Casa / Outros",18,230000.00,28.00,8946.06,1570366.39,9500000.00,173.83
Prado,Venda,"Casa / Outros",18,390000.00,65.00,7687.02,1104104.06,1950000.00,162.78
"São Bento",Venda,"Casa / Outros",18,134305.00,28.00,5700.33,2542183.61,3990000.00,476.50
"São Pedro",Venda,"Casa / Outros",18,149900.00,43.00,10038.48,1641544.50,5900000.00,183.61
Castelo,Venda,"Casa / Outros",17,231000.00,28.00,5578.93,1062451.71,2800000.00,249.35
Grajaú,Venda,"Apartamento / Prédio",16,215000.00,70.00,5859.30,593181.25,980000.00,111.94
Piratininga,Venda,"Apartamento / Prédio",16,140000.00,47.00,3489.66,196937.50,350000.00,57.00
"Santa Branca",Venda,"Casa / Outros",16,220000.00,60.00,4684.57,511937.50,850000.00,117.25
"São João Batista",Venda,"Casa / Outros",16,145000.00,45.00,3533.49,549875.00,1100000.00,181.19
Betânia,Venda,"Apartamento / Prédio",15,170000.00,50.00,5069.75,349343.93,690000.00,68.93
Copacabana,Venda,"Casa / Outros",15,142000.00,30.00,4504.16,477600.00,1600000.00,104.67
"Fernão Dias",Venda,"Apartamento / Prédio",15,199000.00,53.00,4210.85,445460.00,890000.00,110.40
"Jardim América",Venda,"Apartamento / Prédio",15,175000.00,44.00,4031.90,345200.00,800000.00,100.87
Caiçaras,Venda,"Casa / Outros",14,230000.00,20.00,3323.07,829442.86,2077200.00,334.71
"Carlos Prates",Venda,"Apartamento / Prédio",14,175000.00,46.00,3530.26,325285.71,595000.00,118.36
Luxemburgo,Venda,"Casa / Outros",14,618000.00,74.00,9511.83,1949209.21,5544812.00,213.29
"Alto Barroca",Venda,"Apartamento / Prédio",13,320000.00,88.00,5175.17,658846.15,1050000.00,139.00
"Barro Preto",Venda,"Apartamento / Prédio",13,159000.00,52.00,6328.17,816538.46,3300000.00,102.92
Caiçaras,Venda,"Apartamento / Prédio",13,205000.00,67.00,3963.34,445923.08,820000.00,122.85
Copacabana,Venda,"Apartamento / Prédio",13,155000.00,70.00,3505.49,316153.85,750000.00,97.08
Heliópolis,Venda,"Casa / Outros",13,275000.00,88.00,3729.26,593076.92,1200000.00,169.92
Serrano,Venda,"Apartamento / Prédio",13,160000.00,50.00,4353.44,315500.00,489000.00,74.85
Candelaria,Venda,"Apartamento / Prédio",12,159900.00,57.00,6603.10,420382.75,647505.00,64.50
"Carlos Prates",Venda,"Casa / Outros",12,220000.00,71.00,4716.87,480416.67,990000.00,176.75
Esplanada,Venda,"Apartamento / Prédio",12,410000.00,92.00,5655.56,537125.00,870000.00,99.17
"Fernão Dias",Venda,"Casa / Outros",12,260000.00,52.00,4605.26,569375.00,860000.00,136.00
Ipiranga,Venda,"Apartamento / Prédio",12,230000.00,68.00,5007.56,412083.33,860000.00,82.42
"Jardim Leblon",Venda,"Apartamento / Prédio",12,140000.00,52.00,3637.95,299583.33,700000.00,88.67
Liberdade,Venda,"Apartamento / Prédio",12,250000.00,60.00,7404.97,578333.33,1510000.00,91.17
"Ouro Preto",Venda,"Casa / Outros",12,200000.00,66.00,4533.54,638658.33,1280000.00,170.33
"Padre Eustáquio",Venda,"Casa / Outros",12,465000.00,140.00,4293.14,1255833.33,4200000.00,333.08
"Rio Branco",Venda,"Apartamento / Prédio",12,130000.00,59.00,3841.40,271416.67,450000.00,69.92
Trevo,Venda,"Casa / Outros",12,169500.00,43.00,2945.25,846458.33,2200000.00,338.25
"Colégio Batista",Venda,"Casa / Outros",11,510000.00,80.00,4439.55,855272.73,1750000.00,211.55
"João Pinheiro",Venda,"Apartamento / Prédio",11,175000.00,43.00,4212.27,312090.91,455000.00,77.00
"Nova Granada",Venda,"Apartamento / Prédio",11,260000.00,85.00,5109.59,465818.18,730000.00,91.82
Palmeiras,Venda,"Casa / Outros",11,175000.00,40.00,4063.27,986820.00,3500000.00,473.00
União,Venda,"Apartamento / Prédio",11,360000.00,100.00,4680.94,593181.82,900000.00,133.91
"Venda Nova",Venda,"Casa / Outros",11,135000.00,28.00,3371.22,338090.91,750000.00,114.45
Barreiro,Venda,"Casa / Outros",10,325000.00,113.00,4317.25,842000.00,2500000.00,237.20
Comiteco,Venda,"Casa / Outros",10,547200.00,456.00,4676.44,1658720.00,2850000.00,377.10
"Coração de Jesus",Venda,"Apartamento / Prédio",10,339999.00,76.00,4938.89,561299.90,1000000.00,112.10
"Jardim Atlântico",Venda,"Apartamento / Prédio",10,220000.00,73.00,5776.14,1700100.00,11800000.00,249.40
"São Lucas",Venda,"Casa / Outros",10,497686.00,74.00,6381.13,1285808.60,5263200.00,227.00
Barreiro,Venda,"Apartamento / Prédio",9,220000.00,68.00,5000.02,418888.89,750000.00,82.44
Calafate,Venda,"Apartamento / Prédio",9,340000.00,63.00,4634.26,498888.89,850000.00,115.00
"Céu Azul",Venda,"Casa / Outros",9,235000.00,55.00,3544.37,421333.22,850000.00,186.11
Jaraguá,Venda,"Apartamento / Prédio",9,260000.00,51.00,6445.71,723777.78,2500000.00,158.67
Liberdade,Venda,"Casa / Outros",9,382007.00,54.00,6557.53,999521.67,2570000.00,169.33
Palmares,Venda,"Casa / Outros",9,245000.00,58.00,4762.45,854444.44,2490000.00,191.56
"Vila Paris",Venda,"Apartamento / Prédio",9,312000.00,75.00,6363.74,966111.11,1885000.00,145.22
Camargos,Venda,"Apartamento / Prédio",8,160000.00,48.00,3865.37,253750.00,568000.00,65.13
Carmo,Venda,"Casa / Outros",8,580000.00,63.00,8944.47,1855058.63,5013020.00,248.88
"Céu Azul",Venda,"Apartamento / Prédio",8,148000.00,50.00,3879.76,382500.00,900000.00,104.50
Diamante,Venda,"Casa / Outros",8,215000.00,47.00,3525.52,648125.00,1200000.00,193.38
"Dona Clara",Venda,"Casa / Outros",8,330000.00,98.00,4507.28,1161625.00,1650000.00,259.38
Heliópolis,Venda,"Apartamento / Prédio",8,210000.00,67.00,4616.96,304500.00,469000.00,67.25
"Jardim Atlântico",Venda,"Casa / Outros",8,299000.00,50.00,4646.73,1111749.88,2800000.00,229.00
Palmeiras,Venda,"Apartamento / Prédio",8,219000.00,46.00,4668.81,302675.00,504500.00,67.25
"Rio Branco",Venda,"Casa / Outros",8,258000.00,65.00,3285.70,583375.00,1200000.00,237.00
"Salgado Filho",Venda,"Apartamento / Prédio",8,210000.00,48.00,4213.48,282722.75,384782.00,67.13
"Santa Inês",Venda,"Apartamento / Prédio",8,220000.00,61.00,4867.26,587375.00,870000.00,125.63
"São Bento",Venda,"Apartamento / Prédio",8,620000.00,140.00,5603.88,1315625.00,2950000.00,252.63
Serrano,Venda,"Casa / Outros",8,330000.00,62.00,3714.32,747875.00,998000.00,235.00
"Vila Paris",Venda,"Casa / Outros",8,620000.00,146.00,9630.79,1157500.00,1780000.00,137.63
"Cidade Jardim",Venda,"Casa / Outros",7,232890.00,98.00,5413.99,6145698.57,24000000.00,1378.71
Cruzeiro,Venda,"Casa / Outros",7,370000.00,82.00,6870.36,690841.29,1121769.00,106.14
Diamante,Venda,"Apartamento / Prédio",7,149900.00,45.00,4257.22,395414.29,1400000.00,80.86
Graça,Venda,"Apartamento / Prédio",7,320000.00,71.00,5728.46,604142.86,1300000.00,116.43
"Jardim Leblon",Venda,"Casa / Outros",7,175000.00,56.00,3505.41,385000.00,695000.00,133.00
"São Geraldo",Venda,"Apartamento / Prédio",7,235000.00,62.00,5175.30,384611.86,621920.00,77.14
"São Geraldo",Venda,"Casa / Outros",7,299192.00,51.00,5205.31,539493.43,1150000.00,120.29
Silveira,Venda,"Apartamento / Prédio",7,210000.00,36.00,4524.40,325285.71,440000.00,73.43
"Vila Clóris",Venda,"Casa / Outros",7,225000.00,67.00,4781.12,591571.43,1200000.00,125.43
Betânia,Venda,"Casa / Outros",6,395000.00,86.00,4321.94,2762500.00,11500000.00,1148.00
"Boa Vista",Venda,"Casa / Outros",6,310000.00,107.00,2471.81,555000.00,1250000.00,249.33
Horto,Venda,"Apartamento / Prédio",6,179900.00,56.00,5065.50,392316.67,710000.00,81.67
"João Pinheiro",Venda,"Casa / Outros",6,358000.00,55.00,6683.53,876709.83,1500000.00,214.33
Manacás,Venda,"Apartamento / Prédio",6,269000.00,67.00,3605.05,454333.33,778000.00,136.17
Mantiqueira,Venda,"Casa / Outros",6,165000.00,3000.00,2691.26,342166.67,560000.00,633.50
"Nova Granada",Venda,"Casa / Outros",6,400000.00,45.00,5241.97,702500.00,1100000.00,193.67
Piratininga,Venda,"Casa / Outros",6,200000.00,55.00,4742.92,264000.00,320000.00,62.50
"Santa Cruz",Venda,"Apartamento / Prédio",6,214000.00,60.00,4342.71,409833.33,580000.00,102.00
"Santa Cruz",Venda,"Casa / Outros",6,290000.00,70.00,3498.25,544166.67,1000000.00,175.17
"Santa Rosa",Venda,"Apartamento / Prédio",6,370000.00,90.00,4438.60,545000.00,800000.00,124.67
União,Venda,"Casa / Outros",6,330000.00,90.00,5245.24,524966.67,1000000.00,118.67
"Venda Nova",Venda,"Apartamento / Prédio",6,225000.00,65.00,2551.17,270666.67,320000.00,246.33
Concórdia,Venda,"Apartamento / Prédio",5,235000.00,55.00,4250.29,354800.00,650000.00,85.80
Floramar,Venda,"Apartamento / Prédio",5,159900.00,45.00,3555.82,224960.00,340000.00,65.20
Floramar,Venda,"Casa / Outros",5,285000.00,70.00,2566.09,447000.00,550000.00,200.40
Jaraguá,Venda,"Casa / Outros",5,149000.00,40.00,4722.95,795800.00,1200000.00,193.00
Paquetá,Venda,"Casa / Outros",5,250000.00,66.00,4224.23,953600.00,1500000.00,326.00
"Santa Terezinha",Venda,"Casa / Outros",5,255000.00,56.00,3314.44,431999.80,799999.00,167.40
"Santo Antônio",Aluguel,"Apartamento / Prédio",5,1500.00,120.00,23.53,2850.00,5200.00,118.40
"São Gabriel",Venda,"Apartamento / Prédio",5,150000.00,49.00,3815.54,303800.00,470000.00,78.00
"São Gabriel",Venda,"Casa / Outros",5,196490.00,40.00,3736.46,334098.00,490000.00,108.40
"Vila Clóris",Venda,"Apartamento / Prédio",5,175000.00,45.00,4442.78,280800.00,385000.00,64.60
Bandeirantes,Venda,"Apartamento / Prédio",4,159000.00,56.00,5513.87,3239750.00,10000000.00,464.75
Buritis,Aluguel,"Apartamento / Prédio",4,1300.00,60.00,26.98,4225.00,6000.00,162.75
Cruzeiro,Aluguel,"Apartamento / Prédio",4,2200.00,206.00,16.28,2587.50,3000.00,171.50
"Estrela do Oriente",Venda,"Casa / Outros",4,355074.00,55.00,3738.15,788768.50,1200000.00,259.00
"Jardim dos Comerciários",Venda,"Apartamento / Prédio",4,209000.00,56.00,3964.56,248250.00,340000.00,62.25
"Jardim Vitória",Venda,"Casa / Outros",4,150000.00,50.00,3375.41,236875.00,450000.00,70.50
Lourdes,Aluguel,"Apartamento / Prédio",4,1600.00,45.00,28.84,5975.00,10000.00,222.50
Milionários,Venda,"Apartamento / Prédio",4,209000.00,68.00,3727.36,304750.00,350000.00,81.50
"Nova Floresta",Venda,"Casa / Outros",4,320000.00,100.00,4633.59,1643750.00,5000000.00,794.75
"Nova Vista",Venda,"Apartamento / Prédio",4,245000.00,55.00,4218.45,298250.00,358000.00,75.00
"Nova Vista",Venda,"Casa / Outros",4,230000.00,69.00,4103.15,398850.00,579900.00,134.00
Paquetá,Venda,"Apartamento / Prédio",4,192000.00,43.00,5201.64,993000.00,2800000.00,157.00
Renascença,Venda,"Apartamento / Prédio",4,210000.00,48.00,5074.99,379500.00,489000.00,76.25
Renascença,Venda,"Casa / Outros",4,480000.00,75.00,3246.26,672500.00,1050000.00,283.00
"Salgado Filho",Venda,"Casa / Outros",4,385000.00,68.00,4384.74,520000.00,600000.00,160.75
Savassi,Aluguel,"Casa / Outros",4,950.00,26.00,63.02,4512.50,10000.00,132.75
Silveira,Venda,"Casa / Outros",4,490000.00,150.00,4642.00,972500.00,1450000.00,230.25
Vitória,Venda,"Casa / Outros",4,350000.00,100.00,3607.25,450500.00,692000.00,143.75
"Alto dos Pinheiros",Venda,"Casa / Outros",3,1100000.00,635.00,3584.09,2190000.00,3710000.00,745.00
Aparecida,Venda,"Casa / Outros",3,320000.00,500.00,3614.63,473333.33,650000.00,238.00
Barroca,Venda,"Casa / Outros",3,548000.00,73.00,5033.09,866000.00,1150000.00,203.67
Belvedere,Aluguel,"Apartamento / Prédio",3,3900.00,75.00,36.52,4466.67,5000.00,135.00
Braúnas,Venda,"Casa / Outros",3,600000.00,1000.00,4488.18,2216666.67,4400000.00,630.00
Calafate,Venda,"Casa / Outros",3,700000.00,165.00,3954.61,971000.00,1400000.00,248.67
Califórnia,Venda,"Apartamento / Prédio",3,180000.00,50.00,3810.39,203333.33,230000.00,54.67
Canaã,Venda,"Casa / Outros",3,280000.00,360.00,1946.67,466666.67,700000.00,267.33
Candelaria,Venda,"Casa / Outros",3,530000.00,400.00,5828.28,1926666.67,4600000.00,316.33
"Casa Branca",Venda,"Casa / Outros",3,259700.00,58.00,2956.12,281166.67,318800.00,131.67
Centro,Aluguel,"Apartamento / Prédio",3,1500.00,65.00,38.20,2000.00,2400.00,55.00
Centro,Aluguel,"Casa / Outros",3,450.00,44.00,11.65,733.33,1200.00,61.67
"Cidade Jardim",Venda,"Apartamento / Prédio",3,398000.00,85.00,4054.47,616000.00,890000.00,161.00
Cinqüentenário,Venda,"Casa / Outros",3,295000.00,50.00,2868.79,1105000.00,2390000.00,691.67
Concórdia,Venda,"Casa / Outros",3,380000.00,50.00,4756.40,659666.67,950000.00,177.33
"Dom Bosco",Venda,"Casa / Outros",3,550000.00,215.00,2554.80,693333.33,780000.00,352.33
Esplanada,Venda,"Casa / Outros",3,450000.00,80.00,4811.75,599000.00,830000.00,184.33
"Estrela do Oriente",Venda,"Apartamento / Prédio",3,185000.00,50.00,6538.38,405000.00,580000.00,60.00
Floresta,Aluguel,"Apartamento / Prédio",3,1200.00,53.00,24.63,1566.67,2200.00,64.00
Funcionários,Aluguel,"Apartamento / Prédio",3,1950.00,90.00,26.55,4360.00,7630.00,156.00
Jaqueline,Venda,"Apartamento / Prédio",3,135000.00,48.00,3525.44,199333.33,303000.00,56.33
Jaqueline,Venda,"Casa / Outros",3,160000.00,55.00,2766.29,290000.00,360000.00,152.67
Juliana,Venda,"Casa / Outros",3,190000.00,60.00,2583.84,1563000.00,4200000.00,806.67
Lourdes,Aluguel,"Casa / Outros",3,800.00,40.00,45.63,2994.00,5482.00,63.67
Mantiqueira,Venda,"Apartamento / Prédio",3,176000.00,47.00,3797.12,194666.67,209000.00,51.33
"Maria Helena",Venda,"Casa / Outros",3,155000.00,50.00,2376.26,295000.00,440000.00,246.00
"Minas Brasil",Venda,"Apartamento / Prédio",3,430000.00,81.00,5946.71,553333.33,650000.00,95.33
Minaslândia,Venda,"Apartamento / Prédio",3,230000.00,45.00,5036.40,246633.33,259900.00,49.00
"Nova Gameleira",Venda,"Apartamento / Prédio",3,180000.00,52.00,2974.61,208333.33,230000.00,71.67
"Nova Suíssa",Venda,"Casa / Outros",3,429000.00,63.00,6438.60,722666.67,1100000.00,130.33
Pompéia,Venda,"Apartamento / Prédio",3,258000.00,60.00,4638.56,290666.67,315000.00,62.67
"Santa Inês",Venda,"Casa / Outros",3,1250000.00,360.00,3917.33,2683333.33,3600000.00,669.33
"São Francisco",Venda,"Casa / Outros",3,625000.00,500.00,1372.22,941666.67,1200000.00,700.00
"São José",Venda,"Casa / Outros",3,980000.00,360.00,3636.91,1386666.67,1600000.00,380.67
"Serra Verde",Venda,"Apartamento / Prédio",3,185000.00,54.00,3058.64,190000.00,200000.00,63.00
"Álvaro Camargos",Venda,"Casa / Outros",2,500000.00,360.00,2036.64,679500.00,859000.00,340.00
Anchieta,Aluguel,"Apartamento / Prédio",2,4000.00,131.00,23.57,4400.00,4800.00,210.00
Araguaia,Venda,"Apartamento / Prédio",2,190000.00,43.00,4372.76,207500.00,225000.00,47.50
Araguaia,Venda,"Casa / Outros",2,190000.00,62.00,3907.26,285000.00,380000.00,71.00
"Barro Preto",Aluguel,"Apartamento / Prédio",2,1100.00,75.00,14.47,5545.00,9990.00,387.50
Barroca,Venda,"Apartamento / Prédio",2,390000.00,90.00,5873.81,454500.00,519000.00,80.00
"Boa Vista",Venda,"Apartamento / Prédio",2,225000.00,55.00,3529.33,342500.00,460000.00,105.00
Bonsucesso,Venda,"Apartamento / Prédio",2,120000.00,65.00,2623.08,145000.00,170000.00,57.50
Cachoeirinha,Venda,"Apartamento / Prédio",2,280000.00,85.00,3329.56,476500.00,673000.00,142.50
Cachoeirinha,Venda,"Casa / Outros",2,450000.00,180.00,3524.88,705000.00,960000.00,195.50
Camargos,Venda,"Casa / Outros",2,150000.00,48.00,1962.50,2875000.00,5600000.00,3524.00
Castelo,Aluguel,"Apartamento / Prédio",2,2500.00,102.00,31.70,8250.00,14000.00,231.00
"Cidade Jardim",Aluguel,"Apartamento / Prédio",2,2700.00,66.00,41.05,3100.00,3500.00,75.50
"Cidade Jardim",Aluguel,"Casa / Outros",2,840.00,28.00,26.29,7420.00,14000.00,324.00
Coqueiros,Venda,"Casa / Outros",2,320000.00,360.00,1202.45,349500.00,379000.00,305.00
"Engenho Nogueira",Venda,"Apartamento / Prédio",2,598500.00,92.00,6411.92,934250.00,1270000.00,146.50
Europa,Venda,"Casa / Outros",2,130000.00,270.00,1630.28,184500.00,239000.00,178.00
"Frei Leopoldo",Venda,"Apartamento / Prédio",2,175000.00,49.00,3229.27,177000.00,179000.00,55.50
Funcionários,Aluguel,"Casa / Outros",2,1800.00,120.00,44.68,2350.00,2900.00,79.50
Gameleira,Venda,"Apartamento / Prédio",2,178000.00,58.00,3491.01,179000.00,180000.00,52.00
Garças,Venda,"Casa / Outros",2,900000.00,509.00,2527.92,1050000.00,1200000.00,437.00
Goiânia,Venda,"Casa / Outros",2,650000.00,200.00,2947.96,665000.00,680000.00,228.50
Graça,Venda,"Casa / Outros",2,200000.00,32.00,4969.26,550000.00,900000.00,138.00
Grajaú,Venda,"Casa / Outros",2,447000.00,80.00,5521.03,523500.00,600000.00,95.00
Gutierrez,Aluguel,"Apartamento / Prédio",2,1800.00,103.00,15.93,2050.00,2300.00,131.50
"Horto Florestal",Venda,"Casa / Outros",2,750000.00,180.00,4302.27,3375000.00,6000000.00,766.00
Ipiranga,Venda,"Casa / Outros",2,250000.00,55.00,3092.17,420000.00,590000.00,207.50
Itatiaia,Venda,"Apartamento / Prédio",2,200000.00,55.00,4220.14,222500.00,245000.00,53.00
"Jardim América",Venda,"Casa / Outros",2,250000.00,48.00,4937.50,300000.00,350000.00,61.50
"Jardim Guanabara",Venda,"Apartamento / Prédio",2,420000.00,79.00,4553.39,445000.00,470000.00,101.50
"Jardim Guanabara",Venda,"Casa / Outros",2,430000.00,77.00,4196.97,510000.00,590000.00,143.50
"Jardim Vitória",Venda,"Apartamento / Prédio",2,120000.00,47.00,2709.93,124500.00,129000.00,46.00
Lagoinha,Venda,"Casa / Outros",2,1200000.00,750.00,1534.89,1390000.00,1580000.00,912.50
Manacás,Venda,"Casa / Outros",2,525000.00,60.00,4970.11,1890717.50,3256435.00,1398.00
Mangabeiras,Venda,"Apartamento / Prédio",2,870000.00,150.00,6396.78,2064500.00,3259000.00,308.00
Marajó,Venda,"Apartamento / Prédio",2,235000.00,47.00,5416.67,257500.00,280000.00,47.50
"Maria Helena",Venda,"Apartamento / Prédio",2,230000.00,47.00,3803.96,305000.00,380000.00,93.50
Milionários,Venda,"Casa / Outros",2,194000.00,44.00,4244.02,872000.00,1550000.00,212.00
Minascaixa,Venda,"Casa / Outros",2,320000.00,120.00,2208.34,370000.00,420000.00,180.00
"Monsenhor Messias",Venda,"Apartamento / Prédio",2,235000.00,68.00,4602.94,347500.00,460000.00,74.00
"Nova Floresta",Venda,"Apartamento / Prédio",2,650000.00,140.00,4930.81,742500.00,835000.00,150.00
"Novo Glória",Venda,"Casa / Outros",2,208000.00,60.00,2787.55,279000.00,350000.00,113.00
"Parque São José",Venda,"Apartamento / Prédio",2,205000.00,49.00,4389.13,272500.00,340000.00,61.50
Pindorama,Venda,"Casa / Outros",2,440000.00,120.00,2822.55,495000.00,550000.00,199.00
Pompéia,Venda,"Casa / Outros",2,550000.00,95.00,5435.72,585000.00,620000.00,108.50
"Santa Helena",Venda,"Apartamento / Prédio",2,219000.00,68.00,4576.96,332000.00,445000.00,71.50
"Santa Maria",Venda,"Casa / Outros",2,330000.00,264.00,1573.83,610000.00,890000.00,366.50
"Santa Rosa",Venda,"Casa / Outros",2,720000.00,150.00,3456.34,735000.00,750000.00,252.50
"Santa Terezinha",Venda,"Apartamento / Prédio",2,249000.00,94.00,3668.22,349500.00,450000.00,95.00
"Santo Antônio",Aluguel,"Casa / Outros",2,650.00,21.00,26.03,1275.00,1900.00,55.50
"São José",Venda,"Apartamento / Prédio",2,340000.00,77.00,4390.33,445000.00,550000.00,101.50
"São Salvador",Venda,"Casa / Outros",2,320000.00,110.00,2605.18,435000.00,550000.00,174.50
Saudade,Venda,"Apartamento / Prédio",2,229700.00,56.00,4289.70,264850.00,300000.00,61.50
Sion,Aluguel,"Apartamento / Prédio",2,4300.00,207.00,23.02,4550.00,4800.00,198.50
"Solar do Barreiro",Venda,"Apartamento / Prédio",2,110000.00,45.00,2357.94,134500.00,159000.00,57.50
Tirol,Venda,"Apartamento / Prédio",2,430000.00,140.00,4202.38,455000.00,480000.00,115.00
Trevo,Venda,"Apartamento / Prédio",2,960000.00,180.00,4229.17,1230000.00,1500000.00,330.00
"Vila Oeste",Venda,"Apartamento / Prédio",2,189000.00,51.00,3911.77,199500.00,210000.00,51.00
Aeroporto,Venda,"Apartamento / Prédio",1,300000.00,60.00,5000.00,300000.00,300000.00,60.00
"Alto Barroca",Venda,"Casa / Outros",1,750000.00,220.00,3409.09,750000.00,750000.00,220.00
Bandeirantes,Aluguel,"Casa / Outros",1,11000.00,500.00,22.00,11000.00,11000.00,500.00
Barreiro,Aluguel,"Casa / Outros",1,1900.00,75.00,25.33,1900.00,1900.00,75.00
"Beija Flor",Venda,"Casa / Outros",1,200000.00,100.00,2000.00,200000.00,200000.00,100.00
Betânia,Aluguel,"Casa / Outros",1,4500.00,172.00,26.16,4500.00,4500.00,172.00
"Bom Jesus",Venda,"Casa / Outros",1,161900.00,44.00,3679.55,161900.00,161900.00,44.00
Bonfim,Venda,"Apartamento / Prédio",1,290000.00,85.00,3411.76,290000.00,290000.00,85.00
Bonfim,Venda,"Casa / Outros",1,375000.00,175.00,2142.86,375000.00,375000.00,175.00
Bonsucesso,Venda,"Casa / Outros",1,150000.00,31.00,4838.71,150000.00,150000.00,31.00
"Brasil Industrial",Venda,"Casa / Outros",1,283500.00,56.00,5062.50,283500.00,283500.00,56.00
Braúnas,Venda,"Apartamento / Prédio",1,3000000.00,600.00,5000.00,3000000.00,3000000.00,600.00
Califórnia,Venda,"Casa / Outros",1,850000.00,739.00,1150.20,850000.00,850000.00,739.00
Canaã,Venda,"Apartamento / Prédio",1,155000.00,53.00,2924.53,155000.00,155000.00,53.00
Cardoso,Venda,"Apartamento / Prédio",1,287000.00,78.00,3679.49,287000.00,287000.00,78.00
"Carlos Prates",Aluguel,"Casa / Outros",1,11000.00,763.00,14.42,11000.00,11000.00,763.00
"Casa Branca",Venda,"Apartamento / Prédio",1,177500.00,43.00,4127.91,177500.00,177500.00,43.00
Castanheira,Venda,"Apartamento / Prédio",1,115000.00,60.00,1916.67,115000.00,115000.00,60.00
Castelo,Aluguel,"Casa / Outros",1,8000.00,399.00,20.05,8000.00,8000.00,399.00
Cenaculo,Venda,"Apartamento / Prédio",1,250000.00,57.00,4385.96,250000.00,250000.00,57.00
Cenaculo,Venda,"Casa / Outros",1,280000.00,165.00,1696.97,280000.00,280000.00,165.00
Cinqüentenário,Venda,"Apartamento / Prédio",1,200000.00,70.00,2857.14,200000.00,200000.00,70.00
Comiteco,Venda,"Apartamento / Prédio",1,1020000.00,160.00,6375.00,1020000.00,1020000.00,160.00
"Conjunto Celso Machado",Venda,"Casa / Outros",1,650000.00,251.00,2589.64,650000.00,650000.00,251.00
"Conjunto Jardim Filadélfia",Venda,"Casa / Outros",1,450000.00,380.00,1184.21,450000.00,450000.00,380.00
"Dom Bosco",Venda,"Apartamento / Prédio",1,262000.00,48.00,5458.33,262000.00,262000.00,48.00
"Dona Clara",Aluguel,"Apartamento / Prédio",1,900.00,48.00,18.75,900.00,900.00,48.00
"Engenho Nogueira",Venda,"Casa / Outros",1,850000.00,40.00,21250.00,850000.00,850000.00,40.00
"Etelvina Carneiro",Venda,"Casa / Outros",1,400000.00,100.00,4000.00,400000.00,400000.00,100.00
"Flávio Marques Lisboa",Venda,"Apartamento / Prédio",1,190000.00,60.00,3166.67,190000.00,190000.00,60.00
Floramar,Aluguel,"Apartamento / Prédio",1,550.00,55.00,10.00,550.00,550.00,55.00
Floresta,Aluguel,"Casa / Outros",1,2500.00,55.00,45.45,2500.00,2500.00,55.00
Gameleira,Venda,"Casa / Outros",1,1044000.00,271.00,3852.40,1044000.00,1044000.00,271.00
Garças,Venda,"Apartamento / Prédio",1,1500000.00,463.00,3239.74,1500000.00,1500000.00,463.00
Glória,Venda,"Apartamento / Prédio",1,175000.00,55.00,3181.82,175000.00,175000.00,55.00
Goiânia,Venda,"Apartamento / Prédio",1,300000.00,70.00,4285.71,300000.00,300000.00,70.00
"Granja De Freitas",Venda,"Casa / Outros",1,130000.00,56.00,2321.43,130000.00,130000.00,56.00
Guarani,Venda,"Casa / Outros",1,3600000.00,2400.00,1500.00,3600000.00,3600000.00,2400.00
Horto,Venda,"Casa / Outros",1,450000.00,90.00,5000.00,450000.00,450000.00,90.00
"Horto Florestal",Venda,"Apartamento / Prédio",1,238000.00,65.00,3661.54,238000.00,238000.00,65.00
Ipê,Aluguel,"Casa / Outros",1,1800.00,360.00,5.00,1800.00,1800.00,360.00
Itaipu,Venda,"Casa / Outros",1,11990000.00,4000.00,2997.50,11990000.00,11990000.00,4000.00
"Jardim América",Aluguel,"Apartamento / Prédio",1,1200.00,60.00,20.00,1200.00,1200.00,60.00
"Jardim dos Comerciários",Venda,"Casa / Outros",1,620000.00,203.00,3054.19,620000.00,620000.00,203.00
"Jardim Montanhês",Venda,"Apartamento / Prédio",1,250000.00,70.00,3571.43,250000.00,250000.00,70.00
"Jardim Montanhês",Venda,"Casa / Outros",1,5400000.00,1200.00,4500.00,5400000.00,5400000.00,1200.00
"Jonas Veiga",Venda,"Apartamento / Prédio",1,160000.00,47.00,3404.26,160000.00,160000.00,47.00
"Jonas Veiga",Venda,"Casa / Outros",1,260000.00,401.00,648.38,260000.00,260000.00,401.00
Juliana,Venda,"Apartamento / Prédio",1,160000.00,46.00,3478.26,160000.00,160000.00,46.00
Lagoinha,Venda,"Apartamento / Prédio",1,220000.00,50.00,4400.00,220000.00,220000.00,50.00
Luxemburgo,Aluguel,"Casa / Outros",1,4700.00,480.00,9.79,4700.00,4700.00,480.00
"Madre Gertrudes",Venda,"Apartamento / Prédio",1,299000.00,110.00,2718.18,299000.00,299000.00,110.00
"Minas Brasil",Venda,"Casa / Outros",1,2090000.00,595.00,3512.61,2090000.00,2090000.00,595.00
Miramar,Venda,"Casa / Outros",1,485000.00,124.00,3911.29,485000.00,485000.00,124.00
"Monsenhor Messias",Venda,"Casa / Outros",1,270000.00,87.00,3103.45,270000.00,270000.00,87.00
Nazaré,Venda,"Casa / Outros",1,350000.00,123.00,2845.53,350000.00,350000.00,123.00
"Nova Gameleira",Venda,"Casa / Outros",1,690000.00,204.00,3382.35,690000.00,690000.00,204.00
"Nova Granada",Aluguel,"Apartamento / Prédio",1,3500.00,65.00,53.85,3500.00,3500.00,65.00
"Nova Suíssa",Aluguel,"Apartamento / Prédio",1,1300.00,100.00,13.00,1300.00,1300.00,100.00
Olaria,Venda,"Apartamento / Prédio",1,150000.00,55.00,2727.27,150000.00,150000.00,55.00
"Ouro Minas",Venda,"Casa / Outros",1,350000.00,727.00,481.43,350000.00,350000.00,727.00
"Ouro Preto",Aluguel,"Casa / Outros",1,1250.00,29.00,43.10,1250.00,1250.00,29.00
"Padre Eustáquio",Aluguel,"Apartamento / Prédio",1,1100.00,42.00,26.19,1100.00,1100.00,42.00
Paquetá,Aluguel,"Apartamento / Prédio",1,1300.00,95.00,13.68,1300.00,1300.00,95.00
Penha,Venda,"Casa / Outros",1,520000.00,137.00,3795.62,520000.00,520000.00,137.00
Petrópolis,Venda,"Apartamento / Prédio",1,280000.00,60.00,4666.67,280000.00,280000.00,60.00
Pirajá,Venda,"Casa / Outros",1,301122.00,130.00,2316.32,301122.00,301122.00,130.00
"Primeiro de Maio",Venda,"Casa / Outros",1,730000.00,228.00,3201.75,730000.00,730000.00,228.00
Providência,Venda,"Casa / Outros",1,715000.00,250.00,2860.00,715000.00,715000.00,250.00
"Santa Cruz",Aluguel,"Casa / Outros",1,1000.00,178.00,5.62,1000.00,1000.00,178.00
"Santa Efigênia",Aluguel,"Apartamento / Prédio",1,1500.00,105.00,14.29,1500.00,1500.00,105.00
"Santa Efigênia",Aluguel,"Casa / Outros",1,3900.00,160.00,24.38,3900.00,3900.00,160.00
"Santa Lúcia",Aluguel,"Apartamento / Prédio",1,7000.00,349.00,20.06,7000.00,7000.00,349.00
"Santa Lúcia",Aluguel,"Casa / Outros",1,14000.00,764.00,18.32,14000.00,14000.00,764.00
"Santa Sofia",Venda,"Casa / Outros",1,320000.00,150.00,2133.33,320000.00,320000.00,150.00
"Santo Agostinho",Aluguel,"Apartamento / Prédio",1,4200.00,105.00,40.00,4200.00,4200.00,105.00
"Santo Agostinho",Aluguel,"Casa / Outros",1,13000.00,441.00,29.48,13000.00,13000.00,441.00
"Santo André",Venda,"Casa / Outros",1,450000.00,250.00,1800.00,450000.00,450000.00,250.00
"São Cristóvão",Venda,"Apartamento / Prédio",1,95000.00,42.00,2261.90,95000.00,95000.00,42.00
"São Francisco",Aluguel,"Apartamento / Prédio",1,800.00,48.00,16.67,800.00,800.00,48.00
"São Francisco",Venda,"Apartamento / Prédio",1,190000.00,60.00,3166.67,190000.00,190000.00,60.00
"São José",Aluguel,"Casa / Outros",1,6900.00,398.00,17.34,6900.00,6900.00,398.00
"São Lucas",Aluguel,"Apartamento / Prédio",1,1300.00,75.00,17.33,1300.00,1300.00,75.00
"São Pedro",Aluguel,"Apartamento / Prédio",1,1790.00,86.00,20.81,1790.00,1790.00,86.00
"São Tomaz",Venda,"Apartamento / Prédio",1,229000.00,48.00,4770.83,229000.00,229000.00,48.00
"São Tomaz",Venda,"Casa / Outros",1,300000.00,80.00,3750.00,300000.00,300000.00,80.00
Savassi,Aluguel,"Apartamento / Prédio",1,5000.00,280.00,17.86,5000.00,5000.00,280.00
Serra,Aluguel,"Apartamento / Prédio",1,3000.00,150.00,20.00,3000.00,3000.00,150.00
"Serra Verde",Venda,"Casa / Outros",1,160000.00,71.00,2253.52,160000.00,160000.00,71.00
Serrano,Aluguel,"Apartamento / Prédio",1,750.00,48.00,15.63,750.00,750.00,48.00
"Solar do Barreiro",Venda,"Casa / Outros",1,130000.00,45.00,2888.89,130000.00,130000.00,45.00
Tirol,Venda,"Casa / Outros",1,480000.00,90.00,5333.33,480000.00,480000.00,90.00
Urca,Venda,"Apartamento / Prédio",1,240000.00,71.00,3380.28,240000.00,240000.00,71.00
"Venda Nova",Aluguel,"Apartamento / Prédio",1,700.00,50.00,14.00,700.00,700.00,50.00
"Vera Cruz",Venda,"Casa / Outros",1,490000.00,168.00,2916.67,490000.00,490000.00,168.00
"Vila Paris",Aluguel,"Apartamento / Prédio",1,1800.00,84.00,21.43,1800.00,1800.00,84.00
"Vista Alegre",Venda,"Casa / Outros",1,310000.00,180.00,1722.22,310000.00,310000.00,180.00
